id	first_name	last_name	email	gender	Currency
1	Valle	Cardnell	vcardnell0@gmpg.org	Male	Peso
2	Livvie	Keeney	lkeeney1@toplist.cz	Female	Yuan Renminbi
3	Ynes	Rraundl	yrraundl2@themeforest.net	Female	Rupiah
4	Kerry	Vanshin	kvanshin3@google.com.au	Male	Dollar
5	Jesse	Linthead	jlinthead4@oakley.com	Male	Peso
6	Waverley	Keigher	wkeigher5@netlog.com	Male	Yuan Renminbi
7	Murial	Garrish	mgarrish6@csmonitor.com	Female	Sol
8	Cyndy	Shatliffe	cshatliffe7@ycombinator.com	Female	Yen
9	Morna	Balaam	mbalaam8@wix.com	Genderqueer	Rupiah
10	Carlin	Achurch	cachurch9@rakuten.co.jp	Female	Dollar
11	Anita	Glennard	aglennarda@virginia.edu	Agender	Yuan Renminbi
12	Marlin	Corbould	mcorbouldb@godaddy.com	Male	Yuan Renminbi
13	Tucky	Bowers	tbowersc@cam.ac.uk	Male	Euro
14	Randal	Fedoronko	rfedoronkod@weebly.com	Male	Euro
15	Bud	Warland	bwarlande@zdnet.com	Male	Yuan Renminbi
16	Teddi	Maulden	tmauldenf@blogspot.com	Female	Tenge
17	Cash	Leyfield	cleyfieldg@mashable.com	Male	Yuan Renminbi
18	Hervey	Barlass	hbarlassh@elegantthemes.com	Male	Peso
19	Peter	Underdown	punderdowni@cbslocal.com	Male	Peso
20	Wilton	Punchard	wpunchardj@yahoo.co.jp	Male	Dollar
21	Bryan	Ferras	bferrask@senate.gov	Male	Yuan Renminbi
22	Woody	Kuhne	wkuhnel@icio.us	Male	Peso
23	Korney	Popham	kpophamm@ehow.com	Female	Yuan Renminbi
24	Tristam	Bover	tbovern@chron.com	Male	Real
25	Akim	Letchmore	aletchmoreo@nymag.com	Male	Rupiah
26	Ware	Robardet	wrobardetp@fotki.com	Male	Dollar
27	Ciro	Mattke	cmattkeq@weebly.com	Male	Euro
28	Vaughn	Bresland	vbreslandr@nhs.uk	Male	Yuan Renminbi
29	Wyndham	Eaken	weakens@pen.io	Male	Rupiah
30	Bartholomeus	Weatherell	bweatherellt@youtu.be	Male	Ruble
31	Irina	Huniwall	ihuniwallu@issuu.com	Female	Ruble
32	Nissie	Labadini	nlabadiniv@devhub.com	Non-binary	Ruble
33	Regan	Dofty	rdoftyw@webeden.co.uk	Female	Ruble
34	Rolando	Ball	rballx@1und1.de	Male	Ruble
35	Fanni	Madgwick	fmadgwicky@posterous.com	Female	Euro
36	Ashbey	Toplis	atoplisz@github.com	Male	Somoni
37	Franklyn	Buttrick	fbuttrick10@multiply.com	Male	Pula
38	Renaud	Coates	rcoates11@friendfeed.com	Male	Yuan Renminbi
39	Sharline	Valintine	svalintine12@spiegel.de	Female	Cedi
40	Prudi	Blogg	pblogg13@youtube.com	Female	Peso
41	Aundrea	MacFie	amacfie14@typepad.com	Female	Franc
42	Zachery	Rennock	zrennock15@odnoklassniki.ru	Male	Peso
43	Chen	Tarver	ctarver16@archive.org	Male	Yuan Renminbi
44	Fernande	Peeter	fpeeter17@livejournal.com	Female	Yuan Renminbi
45	Xena	Fellibrand	xfellibrand18@npr.org	Female	Lempira
46	Farrel	Gozney	fgozney19@gmpg.org	Genderfluid	Naira
47	Keen	Tedorenko	ktedorenko1a@apache.org	Male	Yuan Renminbi
48	Luce	Worcester	lworcester1b@mit.edu	Agender	Real
49	Annalee	McIlwrick	amcilwrick1c@mozilla.com	Bigender	Yuan Renminbi
50	Rhetta	Giorgioni	rgiorgioni1d@nydailynews.com	Female	Euro
51	Coriss	Luty	cluty1e@jigsy.com	Female	Zloty
52	Brucie	McGuggy	bmcguggy1f@ifeng.com	Genderqueer	Yuan Renminbi
53	Tanny	Claussen	tclaussen1g@elpais.com	Male	Pula
54	Gabbie	Ault	gault1h@simplemachines.org	Male	Dinar
55	Calhoun	Gateman	cgateman1i@oaic.gov.au	Male	Zloty
56	Madelena	Longhorn	mlonghorn1j@blogs.com	Female	Euro
57	Ros	Gittens	rgittens1k@hibu.com	Female	Peso
58	Carol-jean	Allabush	callabush1l@engadget.com	Female	Balboa
59	Ruby	Ryle	rryle1m@cbc.ca	Female	Sol
60	Jessee	McReynolds	jmcreynolds1n@w3.org	Male	Euro
61	Errol	Cady	ecady1o@purevolume.com	Polygender	Euro
62	Ricky	Legges	rlegges1p@umich.edu	Female	Yuan Renminbi
63	Reynard	Upex	rupex1q@msu.edu	Male	Rupiah
64	Grace	Yashnov	gyashnov1r@blinklist.com	Female	Hryvnia
65	Andromache	Colbran	acolbran1s@nps.gov	Female	Koruna
66	Elka	Reckus	ereckus1t@earthlink.net	Female	Yuan Renminbi
67	Eric	Schorah	eschorah1u@cam.ac.uk	Male	Yuan Renminbi
68	Aveline	Eglin	aeglin1v@wikia.com	Female	Dollar
69	Sammy	Tritton	stritton1w@bravesites.com	Male	Yuan Renminbi
70	Effie	Yakobowitz	eyakobowitz1x@liveinternet.ru	Female	Real
71	Jasun	Kemble	jkemble1y@weibo.com	Male	Yuan Renminbi
72	Elisabetta	Pudsall	epudsall1z@i2i.jp	Female	Euro
73	Dannie	Kean	dkean20@storify.com	Male	Yuan Renminbi
74	Saba	Brouard	sbrouard21@mac.com	Female	Peso
75	Giraldo	Slimming	gslimming22@amazon.co.jp	Male	Rupiah
76	Ferdy	Bernholt	fbernholt23@nytimes.com	Polygender	Dollar
77	Betteann	Cullity	bcullity24@jimdo.com	Female	Rupiah
78	Leda	Icom	licom25@epa.gov	Polygender	Rupiah
79	Gwennie	Di Biagio	gdibiagio26@example.com	Female	Peso
80	Aaren	Ruggiero	aruggiero27@ebay.co.uk	Female	Ruble
81	Frederigo	Lewington	flewington28@house.gov	Non-binary	Yuan Renminbi
82	Pattie	Ogborn	pogborn29@globo.com	Female	Colon
83	Rhetta	Rouzet	rrouzet2a@cyberchimps.com	Female	Peso
84	Quint	Armsby	qarmsby2b@wordpress.com	Male	Euro
85	Danny	Titterrell	dtitterrell2c@twitpic.com	Male	Euro
86	Bridie	Markey	bmarkey2d@ibm.com	Female	Shekel
87	Beniamino	Oluwatoyin	boluwatoyin2e@unc.edu	Male	Ruble
88	Ev	Casbolt	ecasbolt2f@t-online.de	Male	Yen
89	Charil	Kubas	ckubas2g@economist.com	Female	Euro
90	Lemmie	Aindriu	laindriu2h@e-recht24.de	Male	Lek
91	Skip	Firbanks	sfirbanks2i@so-net.ne.jp	Male	Baht
92	Port	McLorinan	pmclorinan2j@craigslist.org	Male	Zloty
93	Hamlen	Craythorn	hcraythorn2k@bbb.org	Male	Euro
94	Bobbee	Leveritt	bleveritt2l@icq.com	Female	Krona
95	Caitlin	Buckwell	cbuckwell2m@cornell.edu	Female	Dinar
96	Jarred	Swinford	jswinford2n@ovh.net	Male	Rupee
97	Wiley	Pentelo	wpentelo2o@jimdo.com	Male	Euro
98	Patton	Lodwick	plodwick2p@liveinternet.ru	Agender	Won
99	Nealy	Cheshir	ncheshir2q@moonfruit.com	Male	Ruble
100	Erik	Sweetland	esweetland2r@springer.com	Male	Rupiah
101	Edmund	Tidbald	etidbald2s@wired.com	Polygender	Euro
102	Hurleigh	Devil	hdevil2t@amazon.co.uk	Male	Yuan Renminbi
103	Vicki	Chattelaine	vchattelaine2u@youku.com	Female	Cedi
104	Ulrica	Hyland	uhyland2v@cmu.edu	Female	Rupiah
105	Ody	Matijevic	omatijevic2w@nymag.com	Male	Pound
106	Katee	Judkin	kjudkin2x@wsj.com	Female	Naira
107	Toni	Pengilley	tpengilley2y@engadget.com	Female	Euro
108	Lauritz	Brashaw	lbrashaw2z@discuz.net	Non-binary	Euro
109	Cherianne	Payle	cpayle30@engadget.com	Female	Peso
110	Mannie	Landell	mlandell31@si.edu	Male	Rupiah
111	Gratiana	Kelleher	gkelleher32@hatena.ne.jp	Agender	Hryvnia
112	Damiano	Szymonowicz	dszymonowicz33@go.com	Male	Yen
113	Emalia	Viger	eviger34@oakley.com	Female	Euro
114	Sayers	St Clair	sstclair35@go.com	Male	Zloty
115	Biron	Ensten	bensten36@army.mil	Male	Hryvnia
116	Torrey	Pring	tpring37@spiegel.de	Male	Dollar
117	Lilias	Halsho	lhalsho38@apple.com	Female	Yuan Renminbi
118	Christoforo	Cluney	ccluney39@xrea.com	Male	Rupiah
119	Andriana	Shuker	ashuker3a@zimbio.com	Female	Euro
120	Blanch	Osgood	bosgood3b@usgs.gov	Female	Peso
121	Dulcine	Noonan	dnoonan3c@skyrock.com	Female	Rupiah
122	Nat	Franz-Schoninger	nfranzschoninger3d@businessweek.com	Male	Franc
123	Anneliese	Giovanardi	agiovanardi3e@earthlink.net	Agender	Rupiah
124	Stoddard	Cressey	scressey3f@simplemachines.org	Female	Krona
125	Hillel	Benoi	hbenoi3g@youtu.be	Male	Rupiah
126	Madelena	Wallbridge	mwallbridge3h@comcast.net	Non-binary	Rupiah
127	Sarine	Cumo	scumo3i@behance.net	Female	Dollar
128	Jess	Atack	jatack3j@redcross.org	Female	Real
129	Denyse	Franzen	dfranzen3k@google.it	Genderqueer	Zloty
130	Andee	Strelitzer	astrelitzer3l@cisco.com	Female	Euro
131	Brad	Belli	bbelli3m@vistaprint.com	Male	Real
132	Marjorie	Rushby	mrushby3n@ow.ly	Female	Yuan Renminbi
133	Gae	Axell	gaxell3o@cnbc.com	Female	Yuan Renminbi
134	Garey	Choppin	gchoppin3p@ucoz.com	Male	Euro
135	Leia	Eltun	leltun3q@prlog.org	Female	Real
136	Clayton	Bough	cbough3r@amazonaws.com	Bigender	Yuan Renminbi
137	Trixi	Euston	teuston3s@wix.com	Female	Peso
138	Joeann	Keirl	jkeirl3t@usda.gov	Female	Ariary
139	Timmi	Peacop	tpeacop3u@google.es	Female	Euro
140	Immanuel	Cartledge	icartledge3v@wsj.com	Male	Real
141	Martie	Margrett	mmargrett3w@usda.gov	Male	Bolivar
142	Ellyn	Tuffley	etuffley3x@histats.com	Female	Yuan Renminbi
143	Catharina	Axel	caxel3y@google.nl	Female	Rupiah
144	Melania	Phebey	mphebey3z@wisc.edu	Female	Tenge
145	Ashely	Laflin	alaflin40@paginegialle.it	Female	Sol
146	Corrie	O' Mulderrig	comulderrig41@reuters.com	Male	Euro
147	Tracy	Heminsley	theminsley42@un.org	Female	Peso
148	Dana	Lorence	dlorence43@digg.com	Male	Euro
149	Bradly	Harmson	bharmson44@infoseek.co.jp	Male	Euro
150	Gayle	Deacock	gdeacock45@boston.com	Female	Dollar
151	Armand	Carwithen	acarwithen46@drupal.org	Male	Euro
152	Sindee	Feria	sferia47@wikispaces.com	Female	Yuan Renminbi
153	Baron	Spilling	bspilling48@lycos.com	Bigender	Peso
154	Marillin	Nalder	mnalder49@nifty.com	Female	Naira
155	Alis	Styant	astyant4a@cisco.com	Female	Peso
156	Sybille	Ewins	sewins4b@slashdot.org	Female	Ruble
157	Forrester	Dongles	fdongles4c@admin.ch	Male	Hryvnia
158	Fey	Ksandra	fksandra4d@is.gd	Female	Real
159	Ambrosio	Gasker	agasker4e@adobe.com	Genderfluid	Yuan Renminbi
160	Brigitta	Moiser	bmoiser4f@ca.gov	Female	Som
161	Rafaello	Widdicombe	rwiddicombe4g@fda.gov	Male	Yuan Renminbi
162	Aileen	Ruck	aruck4h@gnu.org	Female	Euro
163	Maudie	Girauld	mgirauld4i@i2i.jp	Genderqueer	Tugrik
164	Port	Batalle	pbatalle4j@blog.com	Male	Dollar
165	Kippar	Hasnip	khasnip4k@whitehouse.gov	Male	Yuan Renminbi
166	Gordon	Swinburne	gswinburne4l@squidoo.com	Male	Rupiah
167	Addia	Beaglehole	abeaglehole4m@amazonaws.com	Female	Peso
168	Parry	Somner	psomner4n@shutterfly.com	Male	Rupiah
169	Ramsey	Barlace	rbarlace4o@t.co	Male	Shilling
170	Anthony	Poulton	apoulton4p@1und1.de	Male	Euro
171	Amye	Broke	abroke4q@engadget.com	Female	Dinar
172	Byrann	Tregidga	btregidga4r@infoseek.co.jp	Genderfluid	Yuan Renminbi
173	Camille	Ricket	cricket4s@freewebs.com	Female	Euro
174	Kippy	Vear	kvear4t@bbb.org	Female	Yuan Renminbi
175	Kienan	Woolvett	kwoolvett4u@ucoz.com	Male	Yuan Renminbi
176	Goran	Jacqueme	gjacqueme4v@columbia.edu	Polygender	Euro
177	Derk	Galley	dgalley4w@timesonline.co.uk	Male	Dinar
178	Dillie	Neild	dneild4x@si.edu	Male	Rupiah
179	Anson	Backhurst	abackhurst4y@huffingtonpost.com	Male	Rupiah
180	Dorothea	Petracco	dpetracco4z@usa.gov	Female	Zloty
181	Beryle	Chettle	bchettle50@joomla.org	Female	Yuan Renminbi
182	Victor	Showler	vshowler51@goo.gl	Male	Won
183	Ivory	Wehden	iwehden52@tmall.com	Female	Yuan Renminbi
184	Gery	Breheny	gbreheny53@umn.edu	Male	Ruble
185	Jo ann	Barrick	jbarrick54@bluehost.com	Female	Real
186	Sadie	Beauvais	sbeauvais55@addthis.com	Female	Peso
187	Cammy	St Quenin	cstquenin56@wired.com	Female	Yuan Renminbi
188	Dun	Dallywater	ddallywater57@wix.com	Male	Peso
189	Carina	Spincke	cspincke58@odnoklassniki.ru	Female	Rupiah
190	Barbra	Wix	bwix59@economist.com	Female	Euro
191	Flory	L'Homme	flhomme5a@china.com.cn	Female	Euro
192	Seana	Caccavella	scaccavella5b@nature.com	Female	Euro
193	Standford	Pinks	spinks5c@earthlink.net	Male	Yuan Renminbi
194	Jacquenetta	Shawel	jshawel5d@sitemeter.com	Female	Ruble
195	Marchall	Givens	mgivens5e@cam.ac.uk	Male	Rial
196	Marleen	Harrie	mharrie5f@prlog.org	Female	Peso
197	Nev	Coombe	ncoombe5g@people.com.cn	Male	Dollar
198	Bastian	Oxlade	boxlade5h@soundcloud.com	Male	Koruna
199	Shelli	Earland	searland5i@china.com.cn	Genderfluid	Euro
200	Marlena	Martinat	mmartinat5j@merriam-webster.com	Female	Shekel
201	Darwin	McPhilemy	dmcphilemy5k@hhs.gov	Male	Yen
202	Demetri	Owens	dowens5l@businessweek.com	Male	Shilling
203	Estell	Ponten	eponten5m@altervista.org	Female	Zloty
204	Philip	Kelso	pkelso5n@toplist.cz	Bigender	Zloty
205	Brina	Bradfield	bbradfield5o@nasa.gov	Female	Bolivar
206	Sloan	Cossem	scossem5p@about.com	Male	Dinar
207	Igor	Blaske	iblaske5q@prnewswire.com	Male	Yuan Renminbi
208	Toddie	Noah	tnoah5r@constantcontact.com	Male	Sol
209	Chaunce	Rockwell	crockwell5s@plala.or.jp	Male	Peso
210	Roma	Goodlett	rgoodlett5t@psu.edu	Male	Krona
211	Reiko	Fookes	rfookes5u@reverbnation.com	Female	Dollar
212	Nathanil	Pursehouse	npursehouse5v@elegantthemes.com	Male	Yuan Renminbi
213	Zackariah	McGonnell	zmcgonnell5w@timesonline.co.uk	Male	Sol
214	Doreen	Vaune	dvaune5x@mysql.com	Female	Yuan Renminbi
215	Bobette	Killingbeck	bkillingbeck5y@ca.gov	Female	Euro
216	Kerk	Mattson	kmattson5z@wiley.com	Genderfluid	Yen
217	Normand	Hulks	nhulks60@posterous.com	Male	Dram
218	Mordy	Hedworth	mhedworth61@cbslocal.com	Bigender	Euro
219	Benoite	Clarycott	bclarycott62@indiegogo.com	Female	Peso
220	Evangelina	Lehrer	elehrer63@hhs.gov	Female	Lempira
221	Leena	Coxwell	lcoxwell64@home.pl	Female	Euro
222	Iseabal	Basill	ibasill65@google.ca	Female	Euro
223	Piotr	Dale	pdale66@163.com	Male	Peso
224	Angel	De Ruel	aderuel67@businessinsider.com	Male	Yen
225	Rivalee	Bauld	rbauld68@51.la	Female	Hryvnia
226	Alfreda	O' Reagan	aoreagan69@clickbank.net	Female	Ruble
227	Randell	Lisciandri	rlisciandri6a@illinois.edu	Male	Yuan Renminbi
228	Bartholemy	Grigsby	bgrigsby6b@rediff.com	Male	Yen
229	Caterina	Acreman	cacreman6c@eventbrite.com	Female	Yuan Renminbi
230	Eamon	Jacombs	ejacombs6d@studiopress.com	Male	Real
231	Llewellyn	Dowse	ldowse6e@sourceforge.net	Polygender	Yuan Renminbi
232	Jodie	Maddocks	jmaddocks6f@dailymail.co.uk	Female	Rupiah
233	Chere	Southcoat	csouthcoat6g@opensource.org	Non-binary	Cordoba
234	Pierre	Hasslocher	phasslocher6h@digg.com	Male	Euro
235	Idalina	Robshaw	irobshaw6i@vinaora.com	Female	Yuan Renminbi
236	Chery	Goodere	cgoodere6j@intel.com	Female	Yen
237	Luci	Gudahy	lgudahy6k@51.la	Female	Euro
238	Humbert	Issard	hissard6l@pagesperso-orange.fr	Male	Yuan Renminbi
239	Frannie	Di Biaggi	fdibiaggi6m@dailymail.co.uk	Female	Rupiah
240	Anny	Walker	awalker6n@jimdo.com	Female	Zloty
241	Ysabel	Kienlein	ykienlein6o@bing.com	Female	Yuan Renminbi
242	Marcellus	Anstis	manstis6p@shop-pro.jp	Male	Real
243	Myrna	Bernasek	mbernasek6q@cbslocal.com	Female	Yuan Renminbi
244	Candace	Ramm	cramm6r@dropbox.com	Female	Real
245	Beck	Woodwind	bwoodwind6s@163.com	Male	Koruna
246	Biron	Pennone	bpennone6t@dailymail.co.uk	Male	Dinar
247	Leeann	Mighele	lmighele6u@addthis.com	Female	Sol
248	Teresita	Easseby	teasseby6v@cornell.edu	Female	Dollar
249	Pacorro	Christofides	pchristofides6w@mozilla.com	Male	Real
250	Theodora	Chettle	tchettle6x@nationalgeographic.com	Female	Yuan Renminbi
251	Carita	Howen	chowen6y@w3.org	Female	Yuan Renminbi
252	Rafi	Trigg	rtrigg6z@state.gov	Male	Manat
253	Nefen	Cussins	ncussins70@jigsy.com	Male	Lempira
254	Laurel	Boggas	lboggas71@cbsnews.com	Female	Yuan Renminbi
255	Barbra	Nutman	bnutman72@biblegateway.com	Female	Yen
256	Merrick	Baldock	mbaldock73@istockphoto.com	Male	Yuan Renminbi
257	Etienne	Cosgrove	ecosgrove74@furl.net	Male	Denar
258	Chas	Farrin	cfarrin75@discuz.net	Bigender	Yuan Renminbi
259	Sharai	Kinnett	skinnett76@nymag.com	Female	Rupiah
260	Vic	Christley	vchristley77@cisco.com	Male	Rupiah
261	Cristian	Cearley	ccearley78@pbs.org	Male	Peso
262	Ike	Greenaway	igreenaway79@ftc.gov	Male	Yuan Renminbi
263	Sinclare	Eskriet	seskriet7a@skype.com	Male	Hryvnia
264	Jessika	Jamary	jjamary7b@mayoclinic.com	Female	Rupee
265	Andonis	Mattheus	amattheus7c@gizmodo.com	Male	Hryvnia
266	Margy	Neylon	mneylon7d@jugem.jp	Female	Sol
267	Munmro	Mehmet	mmehmet7e@themeforest.net	Male	Rupiah
268	Randell	Mordecai	rmordecai7f@fda.gov	Polygender	Dollar
269	Arlan	Bonde	abonde7g@mediafire.com	Genderqueer	Yuan Renminbi
270	Whitaker	Kasperski	wkasperski7h@hhs.gov	Genderqueer	Yuan Renminbi
271	Jenda	Discombe	jdiscombe7i@xrea.com	Female	Yuan Renminbi
272	Karney	Jedraszczyk	kjedraszczyk7j@ask.com	Male	Rupiah
273	Rorie	Gayton	rgayton7k@squidoo.com	Female	Real
274	Malcolm	Winn	mwinn7l@illinois.edu	Male	Lek
275	Hillel	Jacomb	hjacomb7m@nsw.gov.au	Male	Zloty
276	Babs	Couche	bcouche7n@google.co.jp	Female	Rupiah
277	Augusta	Brane	abrane7o@bbc.co.uk	Genderfluid	Rupiah
278	Teodor	Prout	tprout7p@gov.uk	Male	Dollar
279	Trish	McGenn	tmcgenn7q@bravesites.com	Female	Rupiah
280	Adolf	Satterthwaite	asatterthwaite7r@clickbank.net	Male	Yuan Renminbi
281	Davida	Burkwood	dburkwood7s@sciencedirect.com	Female	Peso
282	Edeline	Rignall	erignall7t@ezinearticles.com	Female	Yuan Renminbi
283	Beltran	Wharmby	bwharmby7u@va.gov	Male	Peso
284	Norbie	Janecki	njanecki7v@noaa.gov	Male	Yuan Renminbi
285	Vally	Calcraft	vcalcraft7w@netlog.com	Female	Real
286	Koenraad	Guidelli	kguidelli7x@imageshack.us	Male	Dirham
287	Jolee	Autrie	jautrie7y@addthis.com	Bigender	Lempira
288	Julianne	Skrines	jskrines7z@taobao.com	Female	Peso
289	Hagan	Cockley	hcockley80@cloudflare.com	Male	Yuan Renminbi
290	Miles	Chillingworth	mchillingworth81@yelp.com	Male	Yuan Renminbi
291	Margalit	Mackiewicz	mmackiewicz82@microsoft.com	Female	Yuan Renminbi
292	Ber	Cliff	bcliff83@webs.com	Male	Yuan Renminbi
293	Katine	Udell	kudell84@google.com	Female	Yuan Renminbi
294	Romeo	Cockin	rcockin85@amazonaws.com	Male	Krona
295	Deena	Conman	dconman86@github.com	Female	Dong
296	Tiertza	Nolton	tnolton87@xinhuanet.com	Female	Peso
297	Merrill	Barry	mbarry88@jigsy.com	Female	Baht
298	Sisely	Curzey	scurzey89@phpbb.com	Female	Yuan Renminbi
299	Ekaterina	Lethebridge	elethebridge8a@geocities.jp	Female	Dong
300	Ronny	Castanie	rcastanie8b@mysql.com	Male	Rupiah
301	Nettle	Ody	nody8c@cyberchimps.com	Female	Rupiah
302	Mattie	Phippen	mphippen8d@abc.net.au	Female	Dong
303	Obed	Sandifer	osandifer8e@netlog.com	Male	Yuan Renminbi
304	Kayle	Stuchbery	kstuchbery8f@quantcast.com	Female	Metical
305	Lauree	Goncaves	lgoncaves8g@ucoz.ru	Genderfluid	Yen
306	Kally	Savell	ksavell8h@google.cn	Female	Rupiah
307	Quentin	O'Cahill	qocahill8i@discovery.com	Female	Euro
308	Windy	Junifer	wjunifer8j@youtu.be	Female	Peso
309	Wynny	Frankes	wfrankes8k@wikipedia.org	Genderfluid	Peso
310	Sybil	Castanie	scastanie8l@fema.gov	Female	Ruble
311	Ethel	Crone	ecrone8m@princeton.edu	Female	Yuan Renminbi
312	Carly	Lethbury	clethbury8n@flavors.me	Genderfluid	Som
313	Georgia	Bausmann	gbausmann8o@lycos.com	Female	Yen
314	Gian	Southern	gsouthern8p@pcworld.com	Male	Zloty
315	Darwin	Antonat	dantonat8q@microsoft.com	Male	Real
316	Willie	Slimme	wslimme8r@multiply.com	Female	Ruble
317	Carry	Wasmuth	cwasmuth8s@washington.edu	Female	Rupee
318	Gordie	McCurt	gmccurt8t@infoseek.co.jp	Male	Kip
319	Lanita	Oldland	loldland8u@virginia.edu	Female	Dirham
320	Fredelia	Hedau	fhedau8v@hp.com	Female	Dollar
321	Gran	Zylbermann	gzylbermann8w@lycos.com	Male	Hryvnia
322	Garrik	Knoles	gknoles8x@ocn.ne.jp	Male	Yuan Renminbi
323	Reba	Langrish	rlangrish8y@wufoo.com	Female	Euro
324	Valentin	Greener	vgreener8z@hc360.com	Male	Zloty
325	Odey	Harbron	oharbron90@constantcontact.com	Bigender	Dollar
326	Aaren	Gumm	agumm91@techcrunch.com	Female	Forint
327	Isaac	Adkins	iadkins92@dropbox.com	Genderfluid	Euro
328	Terrye	Grane	tgrane93@tumblr.com	Female	Zloty
329	Norri	Aldine	naldine94@marriott.com	Female	Lek
330	Rafe	Gibbin	rgibbin95@dmoz.org	Male	Shekel
331	Lurleen	Philpin	lphilpin96@plala.or.jp	Female	Yuan Renminbi
332	Udall	Zannotelli	uzannotelli97@wix.com	Male	Real
333	Laurianne	Lewer	llewer98@yale.edu	Female	Dollar
334	Gherardo	Otto	gotto99@tinypic.com	Male	Euro
335	Lilia	Redolfi	lredolfi9a@salon.com	Female	Yen
336	Homerus	Vatcher	hvatcher9b@vinaora.com	Bigender	Yuan Renminbi
337	Aindrea	Roome	aroome9c@delicious.com	Female	Yuan Renminbi
338	Skip	Borles	sborles9d@xrea.com	Male	Rupiah
339	Wendeline	Ramas	wramas9e@wordpress.com	Female	Yuan Renminbi
340	Brittney	Tommasetti	btommasetti9f@ucla.edu	Female	Krona
341	Rhetta	Marcome	rmarcome9g@ow.ly	Female	Zloty
342	Kleon	Cavanaugh	kcavanaugh9h@storify.com	Agender	Dinar
343	Boonie	Scherer	bscherer9i@dailymail.co.uk	Male	Yen
344	Deeann	Heighway	dheighway9j@omniture.com	Polygender	Franc
345	Vasilis	Joisce	vjoisce9k@trellian.com	Male	Rupee
346	Lance	Jachtym	ljachtym9l@scientificamerican.com	Male	Real
347	Devondra	Iashvili	diashvili9m@pcworld.com	Female	Euro
348	Syman	Weatherdon	sweatherdon9n@google.cn	Male	Marka
349	Worden	Starrs	wstarrs9o@msu.edu	Male	Koruna
350	Coleman	Shorte	cshorte9p@google.co.uk	Male	Ruble
351	Jamesy	Trewman	jtrewman9q@newyorker.com	Male	Dinar
352	Marylinda	Stener	mstener9r@livejournal.com	Female	Peso
353	Weber	Viggars	wviggars9s@canalblog.com	Male	Euro
354	Perla	Sherburn	psherburn9t@technorati.com	Female	Yuan Renminbi
355	Alistair	Fassan	afassan9u@sfgate.com	Male	Ruble
356	Lezley	Meharry	lmeharry9v@wufoo.com	Male	Peso
357	Bevon	Andresser	bandresser9w@wix.com	Male	Euro
358	Kenyon	Lanahan	klanahan9x@nydailynews.com	Male	Rupiah
359	Merci	Datte	mdatte9y@businessinsider.com	Female	Yuan Renminbi
360	Ingeborg	Pochon	ipochon9z@boston.com	Genderqueer	Baht
361	Leora	Sambeck	lsambecka0@bluehost.com	Female	Euro
362	Raychel	Message	rmessagea1@163.com	Female	Ruble
363	Davie	De-Ville	ddevillea2@deliciousdays.com	Male	Yuan Renminbi
364	Iorgos	Matushevitz	imatushevitza3@yelp.com	Male	Koruna
365	Maxy	Gutowski	mgutowskia4@sun.com	Female	Peso
366	Mame	Lawfull	mlawfulla5@smh.com.au	Female	Ruble
367	Bethina	Billanie	bbillaniea6@salon.com	Female	Real
368	Ingeborg	Tresvina	itresvinaa7@myspace.com	Female	Yuan Renminbi
369	Layton	Vail	lvaila8@diigo.com	Male	Peso
370	Mychal	Adamov	madamova9@wix.com	Male	Euro
371	Maynord	Haile	mhaileaa@state.gov	Male	Sol
372	Marrissa	Mulqueen	mmulqueenab@tiny.cc	Genderqueer	Ruble
373	Swen	Chetwynd	schetwyndac@tamu.edu	Male	Peso
374	Livia	McKean	lmckeanad@newsvine.com	Female	Ruble
375	Charmian	Melsom	cmelsomae@phoca.cz	Non-binary	Tugrik
376	Hunter	Crowson	hcrowsonaf@amazon.co.uk	Male	Yuan Renminbi
377	Lucho	Belle	lbelleag@ca.gov	Male	Afghani
378	Pascale	Blant	pblantah@technorati.com	Male	Peso
379	Ario	Dearth	adearthai@japanpost.jp	Male	Rupiah
380	Loleta	Passingham	lpassinghamaj@163.com	Female	Koruna
381	Marijn	Riedel	mriedelak@google.com.au	Male	Dollar
382	Laney	Kilday	lkildayal@nydailynews.com	Agender	Lek
383	Aleksandr	Hughf	ahughfam@so-net.ne.jp	Male	Dollar
384	Fiorenze	Huonic	fhuonican@elegantthemes.com	Female	Baht
385	Sylvester	Heaford	sheafordao@howstuffworks.com	Male	Peso
386	Marcelia	Mehaffey	mmehaffeyap@twitter.com	Female	Yuan Renminbi
387	Selig	Bohler	sbohleraq@state.gov	Male	Pound
388	Tildie	Mewhirter	tmewhirterar@indiegogo.com	Genderfluid	Dollar
389	Hymie	Poizer	hpoizeras@bloglines.com	Male	Euro
390	Filberte	Brassington	fbrassingtonat@theguardian.com	Male	Euro
391	Cally	Brisse	cbrisseau@un.org	Female	Hryvnia
392	Tricia	Brearton	tbreartonav@nytimes.com	Female	Krona
393	Bone	Stother	bstotheraw@bbc.co.uk	Male	Real
394	Caesar	Mortel	cmortelax@netvibes.com	Male	Hryvnia
395	Maryann	Booi	mbooiay@foxnews.com	Female	Rupiah
396	Howard	Critchley	hcritchleyaz@liveinternet.ru	Male	Yuan Renminbi
397	Lyle	Schruyers	lschruyersb0@umn.edu	Polygender	Euro
398	Pattin	Rotter	protterb1@umich.edu	Male	Dollar
399	Aime	Kniveton	aknivetonb2@privacy.gov.au	Female	Yen
400	Adrianna	Boon	aboonb3@un.org	Female	Real
401	Ransell	Gylle	rgylleb4@uol.com.br	Male	Ruble
402	Maiga	De La Hay	mdelahayb5@free.fr	Female	Krona
403	Milly	Delacourt	mdelacourtb6@blogspot.com	Female	Rial
404	Rhody	Waterhouse	rwaterhouseb7@walmart.com	Polygender	Yen
405	Raina	Kemmey	rkemmeyb8@rediff.com	Non-binary	Lek
406	Valle	Gosdin	vgosdinb9@miibeian.gov.cn	Male	Yuan Renminbi
407	Anabelle	Fishly	afishlyba@disqus.com	Female	Peso
408	Myriam	Flear	mflearbb@soup.io	Female	Balboa
409	Julius	Kuhwald	jkuhwaldbc@paginegialle.it	Male	Pound
410	Kenn	Orteaux	korteauxbd@timesonline.co.uk	Male	Quetzal
411	Hildagarde	Epinay	hepinaybe@nydailynews.com	Female	Rupiah
412	Caria	Michelin	cmichelinbf@cpanel.net	Female	Yuan Renminbi
413	Danny	Lempke	dlempkebg@chronoengine.com	Male	Dollar
414	Danica	Spinage	dspinagebh@berkeley.edu	Female	Lev
415	Ferdy	Roadnight	froadnightbi@wix.com	Male	Manat
416	Leesa	Bugdell	lbugdellbj@nature.com	Female	Peso
417	Brnaby	Scipsey	bscipseybk@addthis.com	Male	Yuan Renminbi
418	Andeee	Dyment	adymentbl@tuttocitta.it	Genderqueer	Yuan Renminbi
419	Glynn	Nottingam	gnottingambm@netvibes.com	Male	Peso
420	Anders	Sirr	asirrbn@microsoft.com	Male	Peso
421	Mellicent	Gaither	mgaitherbo@cdc.gov	Female	Euro
422	Sonny	Seeking	sseekingbp@cisco.com	Non-binary	Peso
423	Karlee	Caser	kcaserbq@washingtonpost.com	Female	Real
424	Frank	Inman	finmanbr@nbcnews.com	Female	Real
425	Odella	Tatlow	otatlowbs@jiathis.com	Female	Dollar
426	Tiena	Muslim	tmuslimbt@admin.ch	Female	Franc
427	Gus	Cudmore	gcudmorebu@cloudflare.com	Female	Krona
428	Goddart	Sawkin	gsawkinbv@sphinn.com	Male	Rupiah
429	Gwenette	Hrycek	ghrycekbw@yellowpages.com	Female	Gourde
430	Inessa	Mazzei	imazzeibx@dagondesign.com	Female	Peso
431	Colan	Brideoke	cbrideokeby@time.com	Male	Krone
432	Eward	Ecob	eecobbz@jugem.jp	Male	Dollar
433	Gamaliel	Burgher	gburgherc0@ucla.edu	Male	Peso
434	Barth	Mungham	bmunghamc1@t-online.de	Male	Euro
435	Shepperd	Hamner	shamnerc2@vistaprint.com	Male	Rupiah
436	Collie	Echallier	cechallierc3@privacy.gov.au	Polygender	Ringgit
437	Abbie	Clemes	aclemesc4@hexun.com	Female	Sol
438	Adelaida	Favey	afaveyc5@mit.edu	Female	Yuan Renminbi
439	Andriette	Grimster	agrimsterc6@google.com.au	Female	Yuan Renminbi
440	Antonetta	Kalkhoven	akalkhovenc7@purevolume.com	Genderfluid	Baht
441	Gauthier	Garz	ggarzc8@weebly.com	Male	Yuan Renminbi
442	Shem	Martins	smartinsc9@nytimes.com	Male	Yuan Renminbi
443	Berte	Ellum	bellumca@china.com.cn	Female	Ringgit
444	Abran	Exall	aexallcb@reddit.com	Male	Dinar
445	Junia	Giacoppo	jgiacoppocc@wunderground.com	Genderqueer	Euro
446	Demetria	McWhin	dmcwhincd@epa.gov	Female	Yuan Renminbi
447	Margit	Crawshaw	mcrawshawce@senate.gov	Female	Dong
448	Deidre	McGuirk	dmcguirkcf@google.co.jp	Female	Krona
449	Chadwick	Taylor	ctaylorcg@wsj.com	Male	Rupiah
450	Dewey	Samson	dsamsonch@de.vu	Male	Rupiah
451	Hollie	Simounet	hsimounetci@amazon.co.uk	Genderfluid	Euro
452	Marcello	Sollam	msollamcj@sun.com	Male	Sol
453	Toddy	Janton	tjantonck@youtu.be	Male	Peso
454	Faye	Cuffe	fcuffecl@edublogs.org	Female	Yuan Renminbi
455	Diarmid	Grealey	dgrealeycm@elpais.com	Male	Rupiah
456	Way	Cerman	wcermancn@psu.edu	Male	Dong
457	Loydie	Korda	lkordaco@discovery.com	Male	Real
458	Vlad	Brosi	vbrosicp@buzzfeed.com	Male	Shilling
459	Cathi	Pauli	cpaulicq@jalbum.net	Female	Dinar
460	Halsy	Bravery	hbraverycr@walmart.com	Male	Zloty
461	Octavius	Kenset	okensetcs@bluehost.com	Male	Rupiah
462	Perkin	Olifaunt	polifauntct@mozilla.com	Male	Franc
463	Gail	Warden	gwardencu@ucoz.com	Female	Quetzal
464	Vikki	Shadfourth	vshadfourthcv@google.ca	Female	Yuan Renminbi
465	Caralie	Rosle	croslecw@github.io	Female	Yuan Renminbi
466	Mufi	Plowright	mplowrightcx@ucoz.com	Female	Dollar
467	Quincey	Tewkesbury	qtewkesburycy@ezinearticles.com	Male	Naira
468	Bryan	Haggish	bhaggishcz@exblog.jp	Male	Euro
469	Patrizius	Hurdiss	phurdissd0@whitehouse.gov	Male	Peso
470	Inger	MacLese	imaclesed1@weather.com	Female	Yen
471	Kelsey	Fittis	kfittisd2@home.pl	Female	Ringgit
472	Noach	Styche	nstyched3@unicef.org	Male	Rupiah
473	Doy	Gillott	dgillottd4@fotki.com	Male	Rupee
474	Griffin	Cressor	gcressord5@hao123.com	Male	Yuan Renminbi
475	Ced	Heakey	cheakeyd6@angelfire.com	Male	Yuan Renminbi
476	Uriah	Bernardez	ubernardezd7@tuttocitta.it	Male	Yuan Renminbi
477	Audra	Draisey	adraiseyd8@spiegel.de	Female	Euro
478	Rafi	Dowey	rdoweyd9@epa.gov	Male	Yen
479	Rip	Grinyer	rgrinyerda@woothemes.com	Male	Rupiah
480	Wolf	Copins	wcopinsdb@tinypic.com	Male	Rial
481	Buiron	Klassmann	bklassmanndc@paypal.com	Male	Yuan Renminbi
482	Abelard	Olorenshaw	aolorenshawdd@guardian.co.uk	Male	Yuan Renminbi
483	Doralin	Eliasen	deliasende@hhs.gov	Female	Peso
484	Fran	Piggrem	fpiggremdf@histats.com	Female	Yuan Renminbi
485	Myron	McGuffog	mmcguffogdg@plala.or.jp	Male	Tugrik
486	Liz	Rainard	lrainarddh@xinhuanet.com	Female	Ruble
487	Tobye	Dmitr	tdmitrdi@hugedomains.com	Female	Yuan Renminbi
488	Fons	Sygrove	fsygrovedj@php.net	Male	Yuan Renminbi
489	Dulcia	McDuffy	dmcduffydk@berkeley.edu	Female	Euro
490	Ingeborg	McAvin	imcavindl@freewebs.com	Female	Colon
491	Jacquetta	Eydel	jeydeldm@opensource.org	Female	Rupiah
492	Catrina	Corwin	ccorwindn@nba.com	Female	Kuna
493	Jaime	Jakab	jjakabdo@dmoz.org	Female	Cordoba
494	Clarine	Tomaszynski	ctomaszynskidp@wikispaces.com	Female	Euro
495	Maggy	Wall	mwalldq@slate.com	Agender	Peso
496	Sydney	Leedal	sleedaldr@wisc.edu	Male	Baht
497	Tabby	Capron	tcapronds@weebly.com	Female	Zloty
498	Brita	Andryszczak	bandryszczakdt@mapquest.com	Female	Franc
499	Marguerite	Danelut	mdanelutdu@twitter.com	Female	Euro
500	Erin	Starmont	estarmontdv@mozilla.com	Male	Sol
501	Darci	Crayker	dcraykerdw@ucoz.ru	Female	Pound
502	Rey	Curwood	rcurwooddx@harvard.edu	Male	Hryvnia
503	Chevy	Hullin	chullindy@1und1.de	Male	Yuan Renminbi
504	Susann	Valentim	svalentimdz@theguardian.com	Female	Yuan Renminbi
505	Muffin	Empringham	mempringhame0@wordpress.com	Male	Yuan Renminbi
506	Valery	Carrivick	vcarrivicke1@acquirethisname.com	Genderfluid	Rupiah
507	Ogden	Shard	osharde2@cafepress.com	Male	Peso
508	Haskell	Dent	hdente3@istockphoto.com	Male	Peso
509	Maud	Konzelmann	mkonzelmanne4@facebook.com	Female	Rupiah
510	Jenica	Steljes	jsteljese5@simplemachines.org	Female	Dollar
511	Nealson	Kelsell	nkelselle6@blinklist.com	Male	Rial
512	Hedda	Philpott	hphilpotte7@earthlink.net	Female	Dollar
513	Karna	Duggon	kduggone8@utexas.edu	Female	Yuan Renminbi
514	Corrie	Pateman	cpatemane9@narod.ru	Female	Rupiah
515	Parke	Lintall	plintallea@themeforest.net	Genderqueer	Rial
516	Jeremias	Hanshawe	jhanshaweeb@smugmug.com	Male	Kwacha
517	Ford	Terbrug	fterbrugec@paginegialle.it	Male	Ruble
518	Gardner	Grizard	ggrizarded@meetup.com	Male	Yuan Renminbi
519	Steffen	Orred	sorredee@statcounter.com	Male	Euro
520	Veronike	Farthing	vfarthingef@paypal.com	Female	Sol
521	Micki	O'Suaird	mosuairdeg@google.pl	Bigender	Euro
522	Muffin	Filer	mfilereh@businessinsider.com	Female	Yuan Renminbi
523	Marne	Hibling	mhiblingei@nhs.uk	Female	Koruna
524	Palmer	Ahren	pahrenej@alexa.com	Male	Rupiah
525	Guilbert	Staggs	gstaggsek@gmpg.org	Male	Ruble
526	Maud	Tipling	mtiplingel@ocn.ne.jp	Female	Peso
527	Brion	Garritley	bgarritleyem@4shared.com	Male	Taka
528	Alexa	Skeleton	askeletonen@deviantart.com	Female	Ruble
529	Frazer	Noyes	fnoyeseo@cdbaby.com	Male	Yuan Renminbi
530	Gabie	Mullaney	gmullaneyep@fema.gov	Non-binary	Hryvnia
531	Anne-marie	Twelvetree	atwelvetreeeq@mail.ru	Female	Yuan Renminbi
532	Julius	Bernetti	jbernettier@1und1.de	Male	Rupiah
533	Judye	Holsey	jholseyes@youtu.be	Female	Marka
534	Tonia	Newing	tnewinget@epa.gov	Female	Lev
535	Fabiano	Jerger	fjergereu@home.pl	Male	Rupiah
536	Ossie	Champness	ochampnessev@ted.com	Male	Krona
537	Debee	Schulter	dschulterew@unc.edu	Female	Rupiah
538	Kimmie	Edgcumbe	kedgcumbeex@lulu.com	Female	Peso
539	Dodie	Goscomb	dgoscombey@people.com.cn	Female	Yuan Renminbi
540	Marjorie	Panyer	mpanyerez@economist.com	Female	Som
541	Porter	House	phousef0@altervista.org	Male	Krona
542	Sibeal	McVee	smcveef1@economist.com	Female	Dollar
543	Terrie	Pantecost	tpantecostf2@pen.io	Female	Yuan Renminbi
544	Marthena	Rummery	mrummeryf3@china.com.cn	Female	Rupiah
545	Milly	Sapir	msapirf4@mysql.com	Female	Franc
546	Ricky	Kitchin	rkitchinf5@tmall.com	Female	Hryvnia
547	Corey	Prenty	cprentyf6@bigcartel.com	Male	Bolivar
548	Harv	Toffetto	htoffettof7@prweb.com	Male	Rupiah
549	Georgianna	Doull	gdoullf8@1und1.de	Female	Zloty
550	Kaitlyn	Ditzel	kditzelf9@wiley.com	Female	Yuan Renminbi
551	Arnold	Broggini	abrogginifa@prlog.org	Male	Rupiah
552	Laurence	Tebbit	ltebbitfb@prweb.com	Male	Yuan Renminbi
553	Oliviero	Cicchelli	ocicchellifc@goo.ne.jp	Male	Yuan Renminbi
554	Georgetta	Jakoubec	gjakoubecfd@zdnet.com	Female	Yuan Renminbi
555	Malvina	Braine	mbrainefe@gmpg.org	Female	Yuan Renminbi
556	Kizzie	Stiell	kstiellff@army.mil	Female	Yuan Renminbi
557	Bee	Ridde	briddefg@forbes.com	Female	Euro
558	Gilberto	Dearden	gdeardenfh@desdev.cn	Male	Franc
559	Nanny	Rogliero	nroglierofi@un.org	Female	Peso
560	Ranna	Sloley	rsloleyfj@so-net.ne.jp	Female	Real
561	Theo	Brownlee	tbrownleefk@domainmarket.com	Male	Hryvnia
562	Marlene	Willimont	mwillimontfl@mysql.com	Female	Rupiah
563	Elnore	Bente	ebentefm@marketwatch.com	Agender	Yuan Renminbi
564	Dido	Edmeades	dedmeadesfn@reuters.com	Female	Yuan Renminbi
565	Rick	Froggatt	rfroggattfo@techcrunch.com	Bigender	Pound
566	Bartholomew	Pedgrift	bpedgriftfp@nyu.edu	Male	Rupee
567	Lewie	Rodbourne	lrodbournefq@mtv.com	Male	Peso
568	Gayle	Kenrack	gkenrackfr@icq.com	Agender	Real
569	Maynard	Shitliffe	mshitliffefs@google.it	Male	Pound
570	Dean	Firmage	dfirmageft@behance.net	Male	Rial
571	Roderick	Chappel	rchappelfu@com.com	Male	Rupiah
572	Ruthie	Marden	rmardenfv@nasa.gov	Polygender	Peso
573	Mitchel	Kleszinski	mkleszinskifw@sphinn.com	Male	Dollar
574	Julietta	Anglin	janglinfx@ovh.net	Female	Shilling
575	Waldon	Joscelin	wjoscelinfy@foxnews.com	Male	Euro
576	Bondon	Rooms	broomsfz@weather.com	Male	Yen
577	Oralie	Bryce	obryceg0@yellowpages.com	Female	Euro
578	Udale	Beslier	ubeslierg1@blinklist.com	Male	Dong
579	Lauren	Winter	lwinterg2@springer.com	Male	Euro
580	Valida	Woodington	vwoodingtong3@yellowbook.com	Female	Rupiah
581	Joyann	Gerrietz	jgerrietzg4@tripod.com	Bigender	Zloty
582	Julio	Ragdale	jragdaleg5@vimeo.com	Male	Yuan Renminbi
583	Janeczka	Scotter	jscotterg6@sogou.com	Female	Dollar
584	Ariel	Filewood	afilewoodg7@stumbleupon.com	Female	Dollar
585	Cyril	Batsford	cbatsfordg8@amazon.de	Agender	Euro
586	Lenee	Torricina	ltorricinag9@hatena.ne.jp	Female	Ruble
587	Beck	Cyples	bcyplesga@1und1.de	Male	Peso
588	Willamina	Ullyott	wullyottgb@wordpress.com	Female	Peso
589	Evonne	MacFayden	emacfaydengc@exblog.jp	Genderfluid	Ruble
590	Skippie	Weston	swestongd@t-online.de	Male	Rupiah
591	Darb	Vines	dvinesge@wikispaces.com	Non-binary	Kuna
592	Adel	Clay	aclaygf@comsenz.com	Female	Rupiah
593	Garey	Axston	gaxstongg@netscape.com	Male	Dong
594	Idaline	MacKettrick	imackettrickgh@microsoft.com	Female	Yuan Renminbi
595	Philip	Dargavel	pdargavelgi@hatena.ne.jp	Male	Yuan Renminbi
596	Mella	Saltmarshe	msaltmarshegj@google.co.jp	Female	Yuan Renminbi
597	Brandon	Charette	bcharettegk@wikispaces.com	Male	Zloty
598	Raynard	Clere	rcleregl@ehow.com	Male	Ruble
599	Padgett	Thornham	pthornhamgm@weather.com	Bigender	Euro
600	Shelba	Shelly	sshellygn@ed.gov	Female	Rupiah
601	Kristien	Nicholl	knichollgo@npr.org	Female	Tugrik
602	Kerr	Aloway	kalowaygp@scribd.com	Male	Peso
603	Lucien	Biddulph	lbiddulphgq@bluehost.com	Male	Balboa
604	Ely	Storrs	estorrsgr@google.com.br	Male	Ruble
605	Thornton	Tomasini	ttomasinigs@craigslist.org	Male	Koruna
606	Josiah	January	jjanuarygt@usnews.com	Genderqueer	Krone
607	Patton	Wortley	pwortleygu@weather.com	Male	Yuan Renminbi
608	Nikolai	Meader	nmeadergv@last.fm	Male	Yen
609	Tanya	Dikes	tdikesgw@mashable.com	Female	Lek
610	Lynna	Caton	lcatongx@vk.com	Genderqueer	Ruble
611	Hailee	Saffill	hsaffillgy@businessinsider.com	Female	Yuan Renminbi
612	Barney	McMurdo	bmcmurdogz@tuttocitta.it	Male	Yuan Renminbi
613	Barbe	Tollady	btolladyh0@phoca.cz	Female	Koruna
614	Wain	Boc	wboch1@hc360.com	Male	Dinar
615	Thaine	Gatch	tgatchh2@irs.gov	Male	Zloty
616	Bibi	Fairpo	bfairpoh3@nifty.com	Female	Euro
617	Temple	Cosely	tcoselyh4@weather.com	Male	Euro
618	Porty	Catterill	pcatterillh5@stumbleupon.com	Male	Dinar
619	Glynda	Rowlatt	growlatth6@chicagotribune.com	Female	Dollar
620	Sean	Doodson	sdoodsonh7@ucoz.com	Male	Yuan Renminbi
621	Sheelah	Matton	smattonh8@discuz.net	Female	Euro
622	Tony	Rosso	trossoh9@comcast.net	Female	Tugrik
623	Rudy	de Amaya	rdeamayaha@google.pl	Male	Rupiah
624	Kaja	Gobel	kgobelhb@walmart.com	Agender	Dollar
625	Robby	Corragan	rcorraganhc@yahoo.com	Female	Naira
626	Harlie	Wasmuth	hwasmuthhd@yolasite.com	Female	Kuna
627	Uriel	Melloi	umelloihe@pbs.org	Male	Yuan Renminbi
628	Quinton	Diaper	qdiaperhf@fda.gov	Male	Peso
629	Inness	Bernardi	ibernardihg@tripod.com	Male	Litas
630	Blanch	Smoote	bsmootehh@ning.com	Female	Peso
631	Benedikt	Kardos-Stowe	bkardosstowehi@quantcast.com	Male	Yen
632	Donnie	Fundell	dfundellhj@google.cn	Female	Ruble
633	Charlton	Meins	cmeinshk@samsung.com	Male	Dollar
634	Pincus	Millard	pmillardhl@census.gov	Male	Krona
635	Dimitri	Hartell	dhartellhm@businessweek.com	Male	Yuan Renminbi
636	Tyler	Somerton	tsomertonhn@mlb.com	Male	Peso
637	Terrijo	Garrity	tgarrityho@fotki.com	Female	Peso
638	Phil	Burwell	pburwellhp@washingtonpost.com	Male	Real
639	Enoch	Blissett	eblissetthq@youtube.com	Male	Rupiah
640	Ritchie	McGreay	rmcgreayhr@elpais.com	Male	Peso
641	Hadley	Drew-Clifton	hdrewcliftonhs@mashable.com	Male	Krone
642	Nelia	Slograve	nslograveht@yellowpages.com	Female	Euro
643	Cheryl	Langfitt	clangfitthu@thetimes.co.uk	Female	Peso
644	Noni	De Cristofalo	ndecristofalohv@etsy.com	Female	Euro
645	Domini	Dimmick	ddimmickhw@t-online.de	Female	Birr
646	Milt	Moff	mmoffhx@elpais.com	Genderqueer	Marka
647	Manny	Vickars	mvickarshy@toplist.cz	Male	Ruble
648	Karena	Grimsdyke	kgrimsdykehz@about.me	Female	Yuan Renminbi
649	Lucille	Kimmerling	lkimmerlingi0@edublogs.org	Female	Dollar
650	Zulema	Dubique	zdubiquei1@ucoz.com	Female	Hryvnia
651	Rhetta	Spaduzza	rspaduzzai2@java.com	Female	Krona
652	Brook	Frain	bfraini3@cocolog-nifty.com	Male	Peso
653	Siffre	Kuschel	skuscheli4@blogspot.com	Male	Euro
654	Roseanne	Bridgens	rbridgensi5@wsj.com	Female	Dinar
655	Selle	Woloschinski	swoloschinskii6@oaic.gov.au	Female	Ruble
656	Inness	Measures	imeasuresi7@feedburner.com	Male	Dram
657	Phillis	Wrangle	pwranglei8@spotify.com	Female	Koruna
658	Maure	Rhubottom	mrhubottomi9@sphinn.com	Female	Euro
659	Fanny	Cope	fcopeia@cbc.ca	Female	Rupee
660	Angel	Greetland	agreetlandib@businessweek.com	Male	Yuan Renminbi
661	Clarinda	Fyndon	cfyndonic@wisc.edu	Female	Rupiah
662	Rusty	Cadman	rcadmanid@oakley.com	Male	Yuan Renminbi
663	Audrey	MacRory	amacroryie@w3.org	Female	Yuan Renminbi
664	Shaina	Stent	sstentif@nsw.gov.au	Genderqueer	Shilling
665	Kizzie	Arnaudi	karnaudiig@hao123.com	Female	Ruble
666	Caron	Bygrove	cbygroveih@google.com.au	Female	Rupiah
667	Cesar	Deighton	cdeightonii@nytimes.com	Male	Ngultrum
668	Colleen	Saffer	csafferij@cargocollective.com	Female	Som
669	Boony	Borlease	bborleaseik@thetimes.co.uk	Male	Rupiah
670	Charley	Cust	ccustil@google.fr	Male	Lempira
671	Sarge	Tromans	stromansim@ovh.net	Male	Krona
672	Carmon	Middas	cmiddasin@multiply.com	Female	Real
673	Austen	Blennerhassett	ablennerhassettio@yale.edu	Male	Euro
674	Anjela	Gamble	agambleip@123-reg.co.uk	Female	Yuan Renminbi
675	Jacquelyn	Flipek	jflipekiq@nifty.com	Female	Naira
676	Tris	Gagin	tgaginir@about.me	Male	Dollar
677	Jackie	Kellie	jkellieis@digg.com	Male	Yuan Renminbi
678	Petey	Towns	ptownsit@ibm.com	Bigender	Peso
679	Alvin	Wasielewski	awasielewskiiu@mayoclinic.com	Male	Ruble
680	Nannette	Ginnety	nginnetyiv@1688.com	Female	Peso
681	Linnet	Tunder	ltunderiw@ask.com	Female	Peso
682	Daria	Maidstone	dmaidstoneix@tripadvisor.com	Female	Yuan Renminbi
683	Alano	McGriffin	amcgriffiniy@alexa.com	Male	Rupiah
684	Colene	Vanns	cvannsiz@surveymonkey.com	Female	Dollar
685	Johnathon	Rozet	jrozetj0@mediafire.com	Male	Dalasi
686	Katina	Arthur	karthurj1@yahoo.com	Polygender	Hryvnia
687	Obediah	Moreno	omorenoj2@uol.com.br	Male	Pound
688	Darnall	Zukerman	dzukermanj3@cloudflare.com	Male	Peso
689	Byrle	Franciottoi	bfranciottoij4@engadget.com	Polygender	Hryvnia
690	Gisella	Seemmonds	gseemmondsj5@fastcompany.com	Female	Euro
691	Peirce	Duker	pdukerj6@posterous.com	Male	Ruble
692	Sela	Sansbury	ssansburyj7@purevolume.com	Female	Lek
693	Joanne	McGrey	jmcgreyj8@youtu.be	Female	Ruble
694	Shanie	Cathee	scatheej9@bloomberg.com	Female	Peso
695	Diarmid	Duncanson	dduncansonja@prlog.org	Male	Kip
696	Marc	Mora	mmorajb@ehow.com	Male	Rupiah
697	Peggi	Blackney	pblackneyjc@histats.com	Female	Zloty
698	Ivor	Handrick	ihandrickjd@columbia.edu	Genderfluid	Peso
699	Guntar	Gladbeck	ggladbeckje@hostgator.com	Male	Shilling
700	Shirlee	Rickards	srickardsjf@flavors.me	Female	Rupiah
701	Sylvia	Wyldish	swyldishjg@multiply.com	Female	Dollar
702	Zuzana	Corneliussen	zcorneliussenjh@cyberchimps.com	Female	Euro
703	Vinson	Hehir	vhehirji@dropbox.com	Male	Ruble
704	Hubie	Alfonsini	halfonsinijj@issuu.com	Male	Dollar
705	Shanon	Chapelhow	schapelhowjk@statcounter.com	Female	Ruble
706	Dall	Chattell	dchattelljl@gravatar.com	Male	Euro
707	Eloise	Volk	evolkjm@nih.gov	Female	Ruble
708	Lezley	Manueau	lmanueaujn@weather.com	Male	Euro
709	Belvia	Brockton	bbrocktonjo@dell.com	Female	Yuan Renminbi
710	Crosby	Renols	crenolsjp@mail.ru	Male	Rupiah
711	Judith	Surgeoner	jsurgeonerjq@list-manage.com	Female	Euro
712	Boone	Gurr	bgurrjr@networkadvertising.org	Male	Yuan Renminbi
713	Joella	Hakonsson	jhakonssonjs@twitter.com	Female	Peso
714	Nerti	Sorsbie	nsorsbiejt@purevolume.com	Female	Rupee
715	Alain	Heinl	aheinlju@bluehost.com	Male	Rupiah
716	Yevette	Landal	ylandaljv@t.co	Female	Rand
717	Forster	Sickamore	fsickamorejw@mayoclinic.com	Male	Euro
718	Tana	Stean	tsteanjx@house.gov	Female	Rupee
719	Carlie	Blazey	cblazeyjy@unicef.org	Male	Yen
720	Gothart	Kindleside	gkindlesidejz@tuttocitta.it	Male	Peso
721	Vladimir	Wolfindale	vwolfindalek0@myspace.com	Male	Peso
722	Davy	Bleasby	dbleasbyk1@cam.ac.uk	Male	Yuan Renminbi
723	Janaye	Bossingham	jbossinghamk2@youtu.be	Female	Won
724	Lulu	Kield	lkieldk3@boston.com	Female	Peso
725	Boyd	Ziehms	bziehmsk4@google.nl	Male	Krona
726	Demetra	Stoll	dstollk5@toplist.cz	Female	Ruble
727	Fenelia	Hearty	fheartyk6@dmoz.org	Female	Yuan Renminbi
728	Banky	Dearing	bdearingk7@privacy.gov.au	Male	Euro
729	Maggee	Bolding	mboldingk8@multiply.com	Female	Rupiah
730	Galen	Jennemann	gjennemannk9@apache.org	Male	Yuan Renminbi
731	Fernande	Sainz	fsainzka@zdnet.com	Female	Peso
732	Abbot	Curnokk	acurnokkkb@g.co	Male	Peso
733	Sheena	Mote	smotekc@theglobeandmail.com	Female	Euro
734	Dev	Jermin	djerminkd@t.co	Male	Koruna
735	Jozef	Dodshun	jdodshunke@weibo.com	Male	Franc
736	Persis	Mugg	pmuggkf@usnews.com	Female	Kuna
737	Jehu	Swyer-Sexey	jswyersexeykg@vinaora.com	Genderqueer	Real
738	Mallorie	Fillimore	mfillimorekh@army.mil	Genderfluid	Real
739	Anne-corinne	Guiton	aguitonki@nasa.gov	Female	Rupiah
740	Ephraim	Doche	edochekj@samsung.com	Male	Dollar
741	Steven	Babonau	sbabonaukk@upenn.edu	Male	Rupiah
742	Bink	Papworth	bpapworthkl@samsung.com	Male	Lempira
743	Blythe	Blown	bblownkm@nature.com	Female	Krona
744	Kelwin	Hazley	khazleykn@yellowbook.com	Male	Dollar
745	Margarette	Birckmann	mbirckmannko@europa.eu	Female	Euro
746	Donnell	Ronchka	dronchkakp@senate.gov	Male	Cedi
747	Dasie	Bridal	dbridalkq@psu.edu	Female	Peso
748	Alfons	Treen	atreenkr@hexun.com	Male	Franc
749	Marja	Gosenell	mgosenellks@goo.gl	Female	Rupiah
750	Neal	Barritt	nbarrittkt@va.gov	Genderqueer	Dollar
751	Stanton	Harriott	sharriottku@examiner.com	Male	Zloty
752	Tamar	Hardson	thardsonkv@cyberchimps.com	Female	Dinar
753	Randee	Beresfore	rberesforekw@cocolog-nifty.com	Female	Euro
754	Sayres	Colbran	scolbrankx@state.tx.us	Male	Zloty
755	Davy	Pohls	dpohlsky@toplist.cz	Male	Yen
756	Stafford	Bevington	sbevingtonkz@posterous.com	Male	Dong
757	Ginevra	Wapples	gwapplesl0@imgur.com	Female	Euro
758	Etta	Coppens	ecoppensl1@unblog.fr	Female	Yuan Renminbi
759	Lucine	MacRanald	lmacranaldl2@joomla.org	Female	Ruble
760	Ruby	Balmforth	rbalmforthl3@1und1.de	Female	Ruble
761	Muire	Borghese	mborghesel4@utexas.edu	Female	Yuan Renminbi
762	Grier	Knewstubb	gknewstubbl5@utexas.edu	Polygender	Krone
763	Vania	Kainz	vkainzl6@amazon.co.jp	Female	Afghani
764	Caryl	Runnacles	crunnaclesl7@wisc.edu	Male	Ruble
765	Corine	Town	ctownl8@livejournal.com	Female	Yuan Renminbi
766	Xenos	Novelli	xnovellil9@theatlantic.com	Male	Hryvnia
767	Annissa	Schofield	aschofieldla@wufoo.com	Female	Peso
768	Chance	Shillabear	cshillabearlb@github.io	Male	Yuan Renminbi
769	Bryana	Robertson	brobertsonlc@newsvine.com	Female	Dram
770	Bartlet	Cooch	bcoochld@twitpic.com	Male	Rupiah
771	Ronda	Cockell	rcockellle@mit.edu	Female	Peso
772	Garth	McGarvey	gmcgarveylf@github.io	Male	Euro
773	Boyd	Sharphurst	bsharphurstlg@smugmug.com	Male	Dollar
774	Rosmunda	Jankin	rjankinlh@hud.gov	Female	Yuan Renminbi
775	Aristotle	Radley	aradleyli@whitehouse.gov	Male	Rupiah
776	Francoise	Barham	fbarhamlj@plala.or.jp	Female	Peso
777	Debora	Stoffersen	dstoffersenlk@bbb.org	Female	Rupiah
778	Amalie	Pybworth	apybworthll@xinhuanet.com	Female	Peso
779	Lotta	Itscowicz	litscowiczlm@github.io	Female	Rupiah
780	Loella	Gormally	lgormallyln@cmu.edu	Genderfluid	Yuan Renminbi
781	Ellis	Duxbarry	eduxbarrylo@feedburner.com	Male	Rial
782	Rhonda	Nunnerley	rnunnerleylp@ucoz.ru	Female	Euro
783	Yolane	Camplin	ycamplinlq@privacy.gov.au	Female	Peso
784	Yetty	Binnion	ybinnionlr@parallels.com	Female	Yuan Renminbi
785	Sam	Gilson	sgilsonls@ifeng.com	Genderqueer	Peso
786	Gradey	Rosenstein	grosensteinlt@cloudflare.com	Male	Yuan Renminbi
787	Thorpe	Elders	telderslu@canalblog.com	Male	Yuan Renminbi
788	Pavlov	Couser	pcouserlv@usda.gov	Male	Rupiah
789	Caryl	Griffen	cgriffenlw@smh.com.au	Female	Hryvnia
790	Willa	Lebreton	wlebretonlx@cbsnews.com	Female	Yuan Renminbi
791	Kendall	Beevors	kbeevorsly@tmall.com	Male	Franc
792	Robin	Kalinowsky	rkalinowskylz@techcrunch.com	Male	Euro
793	Fulvia	Daniele	fdanielem0@indiegogo.com	Female	Rupiah
794	Blanca	Brosini	bbrosinim1@ed.gov	Genderfluid	Peso
795	Amandi	Frowing	afrowingm2@dailymotion.com	Female	Real
796	Stinky	Budget	sbudgetm3@arstechnica.com	Male	Yen
797	Cliff	Galbreth	cgalbrethm4@reddit.com	Male	Yuan Renminbi
798	Hyacinthia	Cholomin	hcholominm5@techcrunch.com	Female	Yuan Renminbi
799	George	Halpine	ghalpinem6@delicious.com	Male	Peso
800	Maurine	Pleasaunce	mpleasauncem7@mlb.com	Female	Peso
801	Ardelia	Spencer	aspencerm8@apache.org	Female	Ruble
802	Nevin	Filipson	nfilipsonm9@alibaba.com	Male	Krona
803	Coletta	Vasiliu	cvasiliuma@phoca.cz	Agender	Ringgit
804	Silvanus	Flawn	sflawnmb@businessinsider.com	Male	Dollar
805	Stevy	Cratere	scrateremc@artisteer.com	Male	Zloty
806	Giff	Lawrey	glawreymd@shinystat.com	Male	Rupiah
807	Micki	Zaniolo	mzaniolome@rakuten.co.jp	Agender	Euro
808	Briant	Hairon	bhaironmf@networksolutions.com	Male	Real
809	Filmore	Philippault	fphilippaultmg@wikimedia.org	Male	Ruble
810	Jeniece	Haestier	jhaestiermh@ycombinator.com	Female	Euro
811	Berget	MacGoun	bmacgounmi@jiathis.com	Female	Dong
812	Adolf	Slym	aslymmj@indiatimes.com	Male	Yuan Renminbi
813	Ottilie	Kilrow	okilrowmk@ed.gov	Female	Rupiah
814	Wylma	Milstead	wmilsteadml@intel.com	Polygender	Yen
815	Bale	Chadburn	bchadburnmm@globo.com	Male	Ruble
816	Jewel	Warke	jwarkemn@ezinearticles.com	Female	Rupiah
817	Gilemette	Gomby	ggombymo@ucla.edu	Agender	Dollar
818	Wilone	Collington	wcollingtonmp@narod.ru	Female	Real
819	Carling	Janc	cjancmq@virginia.edu	Male	Yuan Renminbi
820	Lotty	Dymidowski	ldymidowskimr@wsj.com	Female	Yuan Renminbi
821	Natale	Hawkes	nhawkesms@forbes.com	Male	Pula
822	Cristie	Letteresse	cletteressemt@flickr.com	Female	Yuan Renminbi
823	Odo	Farebrother	ofarebrothermu@imdb.com	Bigender	Peso
824	Loleta	Macbane	lmacbanemv@theguardian.com	Non-binary	Rupiah
825	Sissy	Woollin	swoollinmw@mail.ru	Female	Hryvnia
826	Vevay	Richfield	vrichfieldmx@theglobeandmail.com	Female	Rupiah
827	Kimmy	Bollon	kbollonmy@networksolutions.com	Female	Ruble
828	Carrie	Bridson	cbridsonmz@yandex.ru	Female	Ruble
829	Phoebe	Van der Velden	pvanderveldenn0@google.co.jp	Female	Rupiah
830	Catriona	Jessett	cjessettn1@icio.us	Female	Dollar
831	Rosaleen	Noorwood	rnoorwoodn2@hc360.com	Female	Yuan Renminbi
832	Hyacinthie	Wright	hwrightn3@goo.ne.jp	Genderfluid	Shekel
833	Marris	Goudard	mgoudardn4@usda.gov	Female	Naira
834	Angela	Roj	arojn5@deviantart.com	Female	Hryvnia
835	Kevina	Emloch	kemlochn6@nasa.gov	Bigender	Franc
836	Bryn	Doge	bdogen7@mashable.com	Male	Hryvnia
837	Nalani	Scoffham	nscoffhamn8@mysql.com	Agender	Rupiah
838	Zach	Jankiewicz	zjankiewiczn9@dmoz.org	Male	Rupiah
839	Ricky	Rowntree	rrowntreena@ucsd.edu	Bigender	Rial
840	Karlan	Perrett	kperrettnb@utexas.edu	Male	Yuan Renminbi
841	Fannie	Jaquet	fjaquetnc@w3.org	Female	Baht
842	Brittne	De Malchar	bdemalcharnd@wired.com	Female	Euro
843	Odille	Morfell	omorfellne@infoseek.co.jp	Female	Baht
844	Hartwell	Kennsley	hkennsleynf@360.cn	Male	Rial
845	Farica	Shoebridge	fshoebridgeng@51.la	Female	Dollar
846	Catina	Bondar	cbondarnh@fastcompany.com	Polygender	Rupiah
847	Granthem	Elcom	gelcomni@bandcamp.com	Male	Yuan Renminbi
848	Corene	Lightewood	clightewoodnj@nytimes.com	Female	Peso
849	Charmane	Campion	ccampionnk@ebay.com	Female	Peso
850	Karry	Kelloway	kkellowaynl@xing.com	Female	Dinar
851	Beckie	Moston	bmostonnm@deviantart.com	Female	Peso
852	Floria	Gascoigne	fgascoignenn@technorati.com	Female	Shilling
853	Hastings	McCartney	hmccartneyno@irs.gov	Male	Euro
854	Darius	Curm	dcurmnp@arstechnica.com	Male	Yuan Renminbi
855	Massimo	Fowden	mfowdennq@google.fr	Male	Yuan Renminbi
856	Moise	Carragher	mcarraghernr@va.gov	Agender	Yuan Renminbi
857	Jeremiah	Message	jmessagens@statcounter.com	Male	Litas
858	Johannes	Pallent	jpallentnt@aboutads.info	Male	Euro
859	Fredek	Leel	fleelnu@domainmarket.com	Male	Baht
860	Mandel	Rowland	mrowlandnv@surveymonkey.com	Male	Sol
861	Delphine	Matthensen	dmatthensennw@forbes.com	Female	Shilling
862	Rachelle	Orum	rorumnx@slideshare.net	Genderqueer	Yen
863	Isiahi	Achromov	iachromovny@wordpress.com	Male	Euro
864	Lammond	Landrean	llandreannz@columbia.edu	Male	Rupiah
865	Filia	Gozard	fgozardo0@nyu.edu	Female	Ruble
866	Morlee	Wickenden	mwickendeno1@weebly.com	Male	Rupiah
867	Veronika	Tarpey	vtarpeyo2@gnu.org	Female	Euro
868	Trescha	Broadwell	tbroadwello3@yolasite.com	Female	Riels
869	Benton	Sings	bsingso4@domainmarket.com	Male	Rupiah
870	Birk	Gilhespy	bgilhespyo5@t.co	Male	Dollar
871	Dallis	Waud	dwaudo6@indiatimes.com	Male	Yuan Renminbi
872	Abey	McConnel	amcconnelo7@myspace.com	Male	Euro
873	Harland	Laffranconi	hlaffranconio8@histats.com	Male	Yuan Renminbi
874	Rea	Fogel	rfogelo9@g.co	Female	Koruna
875	Malachi	Mansbridge	mmansbridgeoa@state.gov	Male	Yuan Renminbi
876	Yolane	Claisse	yclaisseob@cocolog-nifty.com	Female	Lek
877	Wallace	Jeckells	wjeckellsoc@slideshare.net	Male	Yuan Renminbi
878	Gavin	Towne	gtowneod@comsenz.com	Male	Pound
879	Meg	Tuhy	mtuhyoe@privacy.gov.au	Female	Yen
880	Ruddy	le Keux	rlekeuxof@163.com	Male	Yuan Renminbi
881	Aliza	Saunders	asaundersog@irs.gov	Female	Rial
882	Corinne	Benz	cbenzoh@xing.com	Female	Ruble
883	Olwen	Henrique	ohenriqueoi@ed.gov	Female	Yuan Renminbi
884	Fara	McAusland	fmcauslandoj@google.co.jp	Female	Hryvnia
885	Chuck	Grimme	cgrimmeok@sun.com	Male	Cedi
886	Giacopo	Clousley	gclousleyol@rakuten.co.jp	Male	Tugrik
887	Florance	Creggan	fcregganom@europa.eu	Female	Tugrik
888	Abbot	Bedbury	abedburyon@whitehouse.gov	Male	Ruble
889	Anderson	Dawney	adawneyoo@tripod.com	Male	Rupiah
890	Buffy	Cherrison	bcherrisonop@cloudflare.com	Female	Hryvnia
891	Rica	Cockrill	rcockrilloq@archive.org	Female	Rupiah
892	Becca	Kirsz	bkirszor@soup.io	Female	Euro
893	Ashly	Mothersdale	amothersdaleos@indiegogo.com	Female	Yuan Renminbi
894	Parnell	Goodoune	pgoodouneot@bbb.org	Male	Dong
895	Aretha	Tomik	atomikou@domainmarket.com	Female	Yuan Renminbi
896	Carter	Kynder	ckynderov@ucoz.com	Male	Euro
897	Elissa	Hanks	ehanksow@digg.com	Female	Yen
898	Ninette	Cuzen	ncuzenox@addthis.com	Female	Peso
899	Laurie	Southwood	lsouthwoodoy@newsvine.com	Female	Peso
900	Nicolis	Sinkins	nsinkinsoz@seattletimes.com	Male	Rand
901	Tiffie	Beeson	tbeesonp0@stanford.edu	Non-binary	Peso
902	Emmalynne	Kittredge	ekittredgep1@illinois.edu	Female	Krona
903	Maximilien	Sterke	msterkep2@walmart.com	Male	Krone
904	Bryon	Tinman	btinmanp3@mtv.com	Male	Baht
905	Michaeline	Houlden	mhouldenp4@patch.com	Female	Ruble
906	Rebbecca	Boothby	rboothbyp5@ft.com	Female	Yuan Renminbi
907	Helga	Durrans	hdurransp6@stanford.edu	Female	Euro
908	Dallon	Cuningham	dcuninghamp7@github.com	Male	Peso
909	Tildie	Lenox	tlenoxp8@1688.com	Female	Peso
910	Clotilda	Simakov	csimakovp9@diigo.com	Female	Rupiah
911	Nyssa	Canto	ncantopa@sohu.com	Female	Yuan Renminbi
912	Hieronymus	Swindall	hswindallpb@com.com	Male	Rupiah
913	Daron	Dawidowicz	ddawidowiczpc@i2i.jp	Male	Euro
914	Goldia	Harvey	gharveypd@cocolog-nifty.com	Female	Euro
915	Jedediah	Greaser	jgreaserpe@nymag.com	Male	Rupiah
916	Myrah	Broz	mbrozpf@cmu.edu	Female	Dollar
917	Winifield	Richardt	wrichardtpg@csmonitor.com	Male	Peso
918	Cris	Purseglove	cpursegloveph@google.com.au	Male	Yuan Renminbi
919	Bibi	Jenny	bjennypi@seesaa.net	Non-binary	Rupiah
920	Gunar	Bladesmith	gbladesmithpj@dell.com	Male	Yuan Renminbi
921	Luciano	Pinniger	lpinnigerpk@redcross.org	Male	Euro
922	Shellysheldon	Godbehere	sgodbeherepl@technorati.com	Male	Euro
923	Stacy	Wethered	swetheredpm@spotify.com	Male	Bolivar
924	Brendin	Bewlay	bbewlaypn@berkeley.edu	Male	Sol
925	Orella	Pillinger	opillingerpo@rambler.ru	Female	Yuan Renminbi
926	Jerrilee	Shorton	jshortonpp@umn.edu	Female	Rupiah
927	Banky	Augustine	baugustinepq@senate.gov	Male	Dollar
928	Neddy	Flaws	nflawspr@cnet.com	Male	Dollar
929	Tonnie	Renzo	trenzops@japanpost.jp	Male	Euro
930	Jaine	McGaw	jmcgawpt@howstuffworks.com	Female	Real
931	Annissa	Mapother	amapotherpu@accuweather.com	Female	Euro
932	Madelene	Golley	mgolleypv@cnet.com	Female	Yuan Renminbi
933	Ashley	Hardington	ahardingtonpw@devhub.com	Genderqueer	Euro
934	Carry	Garfield	cgarfieldpx@symantec.com	Female	Rupiah
935	Gennifer	Chedgey	gchedgeypy@alexa.com	Female	Euro
936	Nissa	Pettingall	npettingallpz@sourceforge.net	Female	Bolivar
937	Meredeth	Melland	mmellandq0@chicagotribune.com	Male	Krone
938	Emalee	Whittaker	ewhittakerq1@posterous.com	Female	Tugrik
939	Courtnay	O'Gorman	cogormanq2@edublogs.org	Female	Franc
940	Anna	Vaughan-Hughes	avaughanhughesq3@networkadvertising.org	Female	Euro
941	Phil	MacGuigan	pmacguiganq4@indiegogo.com	Female	Dollar
942	Bondy	McGrowther	bmcgrowtherq5@psu.edu	Male	Yuan Renminbi
943	Rosana	Shenfish	rshenfishq6@apple.com	Female	Real
944	Justina	Courcey	jcourceyq7@ox.ac.uk	Female	Zloty
945	Casandra	Nairy	cnairyq8@creativecommons.org	Female	Peso
946	Fidelia	McCurley	fmccurleyq9@un.org	Female	Taka
947	De witt	Crisall	dcrisallqa@mozilla.org	Male	Taka
948	Hamid	Hicken	hhickenqb@quantcast.com	Male	Yuan Renminbi
949	Kent	O'Hallagan	kohallaganqc@flickr.com	Male	Real
950	Jesus	Voak	jvoakqd@digg.com	Male	Yuan Renminbi
951	Carlie	Blaw	cblawqe@techcrunch.com	Male	Guarani
952	Miquela	Habeshaw	mhabeshawqf@studiopress.com	Female	Pound
953	Pascal	Halewood	phalewoodqg@google.cn	Genderqueer	Dollar
954	Janaye	Minerdo	jminerdoqh@indiegogo.com	Female	Peso
955	Staford	Costellow	scostellowqi@netvibes.com	Male	Yuan Renminbi
956	Davide	Pharo	dpharoqj@un.org	Male	Manat
957	Keriann	Swetman	kswetmanqk@bloglovin.com	Genderfluid	Peso
958	Loria	Cuffe	lcuffeql@google.com.au	Female	Ruble
959	Elspeth	Bruce	ebruceqm@aol.com	Female	Peso
960	Gwennie	Puzey	gpuzeyqn@moonfruit.com	Female	Euro
961	Vittorio	Dunne	vdunneqo@github.io	Male	Sol
962	Wood	Vido	wvidoqp@hc360.com	Agender	Shilling
963	Kristoffer	Thain	kthainqq@berkeley.edu	Bigender	Real
964	Dav	Wallsworth	dwallsworthqr@hao123.com	Male	Rupee
965	Noemi	Trenoweth	ntrenowethqs@arizona.edu	Female	Yuan Renminbi
966	Cecilia	Nozzolii	cnozzoliiqt@umich.edu	Female	Litas
967	Feodora	Ropking	fropkingqu@sun.com	Female	Zloty
968	Lucienne	Sammon	lsammonqv@jimdo.com	Female	Yuan Renminbi
969	Marthena	O'Nion	monionqw@java.com	Female	Real
970	Billie	Chancelier	bchancelierqx@google.com.au	Male	Real
971	Gaspar	Pittem	gpittemqy@netvibes.com	Male	Franc
972	Werner	Boots	wbootsqz@youtu.be	Male	Dinar
973	Meta	Dunstall	mdunstallr0@tripod.com	Female	Baht
974	Emmerich	Bothwell	ebothwellr1@rediff.com	Male	Dong
975	Emera	Guilloton	eguillotonr2@cornell.edu	Genderqueer	Sol
976	Zaria	Colquit	zcolquitr3@ow.ly	Agender	Euro
977	Somerset	Dewis	sdewisr4@cargocollective.com	Bigender	Real
978	Tobe	Pickerill	tpickerillr5@spotify.com	Male	Ruble
979	Noam	Snasdell	nsnasdellr6@oaic.gov.au	Male	Yuan Renminbi
980	Drake	Thody	dthodyr7@squidoo.com	Male	Yuan Renminbi
981	Anica	Coldbathe	acoldbather8@php.net	Female	Real
982	Rhonda	Leftwich	rleftwichr9@loc.gov	Female	Peso
983	Gerianne	Lynas	glynasra@barnesandnoble.com	Female	Real
984	Sawyere	Northcliffe	snorthclifferb@hugedomains.com	Male	Peso
985	Sharleen	Umbers	sumbersrc@zimbio.com	Female	Dollar
986	Elliott	Sawart	esawartrd@nydailynews.com	Male	Baht
987	Tate	Hazelhurst	thazelhurstre@de.vu	Female	Sol
988	Tiebold	Caulfield	tcaulfieldrf@reverbnation.com	Male	Yuan Renminbi
989	Zed	Muxworthy	zmuxworthyrg@hp.com	Male	Rupiah
990	Melody	Haney	mhaneyrh@hubpages.com	Female	Kyat
991	Conney	Sanson	csansonri@livejournal.com	Male	Yuan Renminbi
992	Gal	Whyley	gwhyleyrj@weather.com	Male	Euro
993	Kassia	Davana	kdavanark@csmonitor.com	Female	Shilling
994	Laura	Geharke	lgeharkerl@sitemeter.com	Female	Rupiah
995	Odelle	Snelson	osnelsonrm@huffingtonpost.com	Female	Euro
996	Berty	Soda	bsodarn@cocolog-nifty.com	Female	Yuan Renminbi
997	Timothy	Kneafsey	tkneafseyro@nbcnews.com	Male	Ariary
998	Zuzana	Drayn	zdraynrp@salon.com	Female	Ruble
999	Darrelle	Burthom	dburthomrq@tinyurl.com	Bigender	Ruble
1000	Emyle	Tewnion	etewnionrr@go.com	Female	Dollar
